_bin,total,good,bad,bad_rate,bin_pct,good_dist,bad_dist,good_dist_minus_bad_dist,odds_ratio,woe,woe_display,iv
repayment_status_aug_2005_grp3,14,9,5,0.3571,0.0016,0.0021,0.0012,0.0009,1.7273,0.5465,54.6544,0.0005
repayment_status_aug_2005_grp2,4189,2522,1667,0.3979,0.4711,0.5668,0.3747,0.1921,1.5127,0.4139,41.3925,0.0795
repayment_status_aug_2005_grp0,1629,963,666,0.4088,0.1832,0.2165,0.1498,0.0667,1.4456,0.3685,36.8532,0.0246
repayment_status_aug_2005_grp1,1044,604,440,0.4215,0.1174,0.1358,0.0990,0.0368,1.3723,0.3165,31.6491,0.0117
repayment_status_aug_2005_grp8,9,2,7,0.7778,0.0010,0.0006,0.0017,-0.0011,0.3333,-1.0986,-109.8612,0.0012
repayment_status_aug_2005_grp6,16,3,13,0.8125,0.0018,0.0008,0.0030,-0.0022,0.2593,-1.3499,-134.9927,0.0030
repayment_status_aug_2005_grp4,1784,315,1469,0.8234,0.2006,0.0709,0.3302,-0.2593,0.2147,-1.5385,-153.8519,0.3989
repayment_status_aug_2005_grp5,40,6,34,0.8500,0.0045,0.0015,0.0078,-0.0063,0.1884,-1.6692,-166.9157,0.0105
repayment_status_aug_2005_grp7,167,22,145,0.8683,0.0188,0.0051,0.0327,-0.0276,0.1546,-1.8667,-186.6661,0.0516
