_bin,human_readable_bin,total,good,bad,bad_rate,bin_pct,good_dist,bad_dist,good_dist_minus_bad_dist,odds_ratio,woe,woe_display,iv
"(-0.001, 299.8]",from_0_to_300,2633,1120,1513,0.5746,0.3000,0.2555,0.3440,-0.0884,0.7429,-0.2972,-29.7235,0.0263
"(299.8, 792.0]",from_300_to_792,881,408,473,0.5369,0.1004,0.0932,0.1076,-0.0145,0.8657,-0.1442,-14.4245,0.0021
"(792.0, 1559.0]",from_792_to_1559,1314,617,697,0.5304,0.1497,0.1408,0.1585,-0.0177,0.8883,-0.1184,-11.8409,0.0021
"(1559.0, 2300.0]",from_1559_to_2300,886,428,458,0.5169,0.1009,0.0977,0.1042,-0.0065,0.9378,-0.0643,-6.4255,0.0004
"(2300.0, 3511.0]",from_2300_to_3511,869,469,400,0.4603,0.0990,0.1071,0.0910,0.0160,1.1763,0.1624,16.2369,0.0026
"(3511.0, 4500.0]",from_3511_to_4500,445,259,186,0.4180,0.0507,0.0592,0.0424,0.0168,1.3962,0.3337,33.3740,0.0056
"(4500.0, 8000.0]",from_4500_to_8000,902,536,366,0.4058,0.1028,0.1223,0.0833,0.0391,1.4689,0.3845,38.4483,0.0150
"(8000.0, 84087.12]",from_8000_to_84087,847,544,303,0.3577,0.0965,0.1242,0.0690,0.0552,1.8002,0.5879,58.7901,0.0324
payment_amount_apr_2005_MISSING,payment_amount_apr_2005_MISSING,115,65,50,0.4348,0.0129,0.0149,0.0115,0.0035,1.3015,0.2635,26.3492,0.0009
